id,username,password
422,marito,asdQWE!23QWE
431,PaulAtreide2,asdQWE!23QWE
207,agente15,asdQWE!23QWE
429,PaulAtreide,asdQWE!23QWE
426,ecaceres_agent,asdQWE!23QWE
449,paopyoizen,asdQWE!23QWE
395,gbrandeburgo,asdQWE!23QWE
453,Agentee1,asdQWE!23QWE
353,nsaade.agente,asdQWE!23QWE
237,miezzi1,asdQWE!23QWE
179,mhasenau,asdQWE!23QWE
419,aabadi,asdQWE!23QWE
396,agente01,asdQWE!23QWE
483,agente112,asdQWE!23QWE
427,IvanRao,asdQWE!23QWE
443,pbonito,asdQWE!23QWE
501,nuevo,asdQWE!23QWE
482,agprueba,asdQWE!23QWE
172,abinetti,asdQWE!23QWE
153,alher,asdQWE!23QWE
302,agavrieli9,asdQWE!23QWE
333,angelica.sanchezv@cfe.mx,asdQWE!23QWE
491,automatedagent1,asdQWE!23QWE
493,pepe22,asdQWE!23QWE
492,automatedagent2,asdQWE!23QWE
189,cbordign,asdQWE!23QWE
184,mvolpato,asdQWE!23QWE
181,mcnunez,asdQWE!23QWE
239,cuchi1,asdQWE!23QWE
186,dmarcos,asdQWE!23QWE
265,dcaskey5,asdQWE!23QWE
177,dluque,asdQWE!23QWE
247,edenor,asdQWE!23QWE
268,ebodocs8,asdQWE!23QWE
190,ecalliga,asdQWE!23QWE
191,elucci,asdQWE!23QWE
260,foldford0,asdQWE!23QWE
274,felacoate4,asdQWE!23QWE
185,mreimond,asdQWE!23QWE
187,fcolomba,asdQWE!23QWE
397,Gerda_Smitham82,asdQWE!23QWE
301,gpegrum8,asdQWE!23QWE
284,hbromheade,asdQWE!23QWE
291,hhedde1,asdQWE!23QWE
155,hulo,asdQWE!23QWE
180,iramos,asdQWE!23QWE
270,iquelch0,asdQWE!23QWE
182,icruzado,asdQWE!23QWE
192,jponcio,asdQWE!23QWE
281,jdowlesb,asdQWE!23QWE
193,klaferra,asdQWE!23QWE
263,kmisson3,asdQWE!23QWE
276,lurian6,asdQWE!23QWE
440,linkedin,asdQWE!23QWE
271,mpavelka1,asdQWE!23QWE
195,mslopez,asdQWE!23QWE
196,mvvolpat,asdQWE!23QWE
299,mchadney6,asdQWE!23QWE
175,mvignolo,asdQWE!23QWE
269,mmalenfant9,asdQWE!23QWE
221,pruebamovi,asdQWE!23QWE
275,nchuck5,asdQWE!23QWE
391,user1,asdQWE!23QWE
277,ohaslehurst7,asdQWE!23QWE
296,omadgwick3,asdQWE!23QWE
197,pnessier,asdQWE!23QWE
225,agpyoizen,asdQWE!23QWE
198,palopez,asdQWE!23QWE
229,Pelescamoso,asdQWE!23QWE
494,PepeAgent3,asdQWE!23QWE
495,PepeAgent4,asdQWE!23QWE
298,pcockings5,asdQWE!23QWE
267,pdegregoli7,asdQWE!23QWE
326,pruebaprueba,asdQWE!23QWE
340,testgradicola,asdQWE!23QWE
254,Pruebas Nick,asdQWE!23QWE
293,rgaish0,asdQWE!23QWE
183,scbenite,asdQWE!23QWE
199,sgomez,asdQWE!23QWE
287,spiertonh,asdQWE!23QWE
279,scruikshanks9,asdQWE!23QWE
178,mgodoyro,asdQWE!23QWE
273,tsleight3,asdQWE!23QWE
290,tungerechts0,asdQWE!23QWE
288,vmousleyi,asdQWE!23QWE
300,vdocherty7,asdQWE!23QWE
286,warmerg,asdQWE!23QWE
289,wmclleesej,asdQWE!23QWE
261,zpanks1,asdQWE!23QWE
294,zsumpton1,asdQWE!23QWE